review_id,app_id,text,voted_up,playtime_minutes,timestamp,sentiment_score,label
192840331,240,"🎮 Counter-Strike: Source
🔫 The only game where getting “headshotted” is a lifestyle, not an accident

Playtime: 150 hours (Most of which were spent pretending I knew what I was doing)

Recommended: ✅ Yes, if you love precision, chaos, and the sweet sound of ""headshot""

Ah, Counter-Strike: Source… the game that defined my “I’m a professional gamer, really” phase, and somehow turned me into the world’s most average sharpshooter. It’s got the competitive spirit of a 1000-year-old samurai and the chaos of a toddler with a gun.

🌟 STARRING:
🔫 Me: Missing shots I should’ve hit, but still running around like I’m the next FPS god
🧨 Grenades: Used with extreme precision… to completely miss and blow up my teammates
💣 Bomb Planting: I plant the bomb like a champion, then die immediately trying to defend it
🚪 Doors: Where the most intense moments happen, but also where you usually die from getting ""door-campered""

🔪 What I Love:
• The sound design: The sound of a headshot in CS:Source is chef's kiss 🔪💥
• Movement mechanics: Slide, crouch-jump, and occasionally clip through walls for that sweet “What did I just do?” moment
• Teamwork: It’s a constant battle between “I got your back!” and “Why did you shoot me, bro?!”
• Maps: Dust2? Yeah, it’s not original, but who cares when you’re fragging out like a pro
• The competitive scene: Somehow, there’s always that one guy who’s way better than you and always knows when to throw the flashbang

🎯 The Game Modes:
• Casual? The chill version, where everyone just runs around with rifles like it’s a Sunday stroll
• Competitive? The sweat-inducing mode where you’ll get a heart attack after every round because you’re either on top of the leaderboard or you’re staring at a blank screen, wondering how you died so fast

🧠 Final Thoughts:
Counter-Strike: Source is the kind of game that makes you both rage and love it at the same time. There’s a certain magic when you land a headshot from across the map, or when you successfully sneak through a smoke grenade to plant the bomb while your heart is pounding.

If you like precision, strategic gameplay, and the occasional “I-can’t-believe-I-did-that” moment, CS: Source is like riding a bike that occasionally explodes and makes you scream at your screen.

👍 10/10 would “get the bomb down” again
🔥 CS: Source never gets old
🎮 #CounterStrikeSource
🚪🔫 (Me rushing into a room and hoping I don’t get shot by that guy who’s way too good)",True,6006,1744770051,0.9952,positive
192410011,240,"I got called a cheater by an obviously drunk Admin on a german server and then got banned from said server

10/10 truly lifechanging",True,1393,1744262989,-0.7184,negative
191253550,240,Its either cheaters or sweats that seem to be cheating but they are not,True,271,1743023444,-0.5023,negative
190924083,240,"if no cs2 play this, this game has no vac and has better movement and is closer to csgo. 10/10",True,5366,1742674585,0.2263,positive
190492457,240,"pretty good game

NOTE- dont cheat in games with valve anti cheat. IT SPREADS TO HERE.",True,210,1742247001,0.8299,positive
190308402,240,wat mi 9nn go ban bag,True,1656,1742081289,-0.5574,negative
187263608,240,"So let's set the stage.  The year is 2025 and you are looking for the perfect terrorism based first person shooter.  You read on some gay website that Counter Strike 2 (Formerly Global O) is the best.  So you download it and boot it up.  You are all fired up for the game.  So you join a lobby in Casual and its alright.  You level up and become Competitive and are instantly struck by just how awful the game actually is.  Just loads and loads of genuinely terrible people on both sides of the aisle.  This is something you wouldn't want Hitler to play (because he doesn't know how to operate a computer him living in the 40s and all).  So you go to the next best option (actually the real best option) called Counter Strike Source.  In my house we call it Old Reliable.  The first thing you notice is the lack of child pornography addicts in each lobby.  The second thing you notice is the non-bloated UI.  The third is the amazing gameplay.  Easily the best gamemode is the 24/7 DeatMatch gamemode.  Best played on A W P Clan Servers.  This is the real deal, cream of the crop, Top of the Heap.  This is heaven.  This is everything CSGO wishes it could be.  They say the greatest lie the devil ever pulled was convincing people that CSGO was good.  So here is the Cheers to Counter Strike Source, the best installment of the series.  Hopefully in the next 4 years Trump institutes a permenant irrevocable ban on Counter Strike 2.  This would be amazing.",True,7743,1738807001,0.9917,positive
187087137,240,"Sometimes i rage, but when you win, you'll feel good

Also game is harder then CS2, idc what cs2 players say but, in cs2 you can just kill someone just with a few shots. In CSS you have to magdump someone to kill them and might get killed by their team right after",True,3475,1738602766,-0.9393,negative
186727797,240,"this game has better anti-cheat than CS2 as of January 30, 2025.",True,45,1738220348,0.4404,positive
184266519,240,"i was good at this game - the ban is from when my dog are playing. i are clean, dog are unclean.",True,8865,1735600825,0.4215,positive
182890636,240,"Thats A Grate Game 
because that can cheat !!!!!!",True,358,1734354054,-0.6331,negative
182428230,240,The best part of the series after CS:GO. I recommend playing only against bots as there are too many stupid cheaters. Every cheater has an IQ below 30.,True,618,1733848864,-0.3182,negative
180100341,240,"Best Counter-Strike... no skins, no gamble, no tryhards, no rage, no cheaters.. just pure fun. In discount it cost around $2.",True,641,1732745172,-0.6249,negative
177411834,240,this game gave me aimbot that ive never know i needed 10/10,True,1611,1729438409,0.0,neutral
175491713,240,"Won't work on linux. Proton runs like a slide show in menus and I'm not switching to x11. 
Server list filled with spam I can't filter out. 
Couldn't find a single server.
Added a server from some website: 
""You are in insecure mode.""
Proton = no VAC = no game
 
Installing steam from pacman instead of flatpak seem to allow native execution.
buuuuuuuuuuuuuuuuuuuuuut in game voice chat is broken",False,95185,1726956835,-0.8126,negative
175490236,240,a lot of acheivements and gamemodes & fun gunplay. vac anti cheat sux tho.,True,8745,1726955193,-0.5423,negative
175206753,240,"The mexicans banned me from spraying, bro it was just 1945 image from a famous painter 😥",True,450,1726614468,-0.4588,negative
175138099,240,"Kind of crazy that a game made in 2004 is WAAAAAAAYYYYYYY better than some dog **** that was made in 2023-2024. Do you know what dog **** i'm talking about? CS2. Naturally. F. U. Valve. FINISH A GAME BEFORE YOU RELEASE IT. 

PS. Also why don't you fix the cheating problem in TF2? Because valve just wants your money you sorry *** losers.",True,424,1726537190,-0.8708,negative
174752849,240,"If you play this game too good, hit headshots because hit registery works well in this game: expect ban.
overal good game, no bs from cs2. everything just works",True,1389,1726083407,0.5423,positive
173806469,240,"This game saved my life.

I am 27.

My ex-wife and I have a daughter together, and adopted our son together. They are now both 4 years old.

When we were going through our separation, I found myself lost and miserable. I was self destructive. I got so mad one day from everything spiralling out of my control that I punched some concrete in a moment of overwhelming emotion. That caused me to break my 5th metacarpal in my right hand... my working hand... my games hand.. the hand that I held and carried my children to bed with.. The hand I desperately needed to make sure I could continue to provide.

After learning of the severity of my self-inflicted damage, I was borderline suicidal. Keep in mind that just a few months before this, I was the happiest man with no history of depression or anxiety. I have never had fits of rage, or been one to break down and cry, but I was in a low spot that just really buried me from being able to see the light on the other side.

Having nothing better to do, I searched for a game I could play, ONE HANDED while I recovered. I somehow stumbled upon this game and read some of the reviews. I decided that it had to be worth a shot... I must admit, I didn't beat the game, or play nearly as long as some of you. In fact, I may have only played this game a day or two.. With that being said, after doing so, I had a new found joy and hope for life. I was able to put behind me the pain and suffering that had been cast over me. I was able to experience other peoples joy and happiness. I was able to see the fruits of my ""labor"". I relaxed for 5 minutes to this music long enough to realize that I was going to be okay.

After coming to that realization, I turned the game off, and I went back to work. It hurt my hand like hell but I was motivated. I stopped feeling so damn sorry for myself, and I became the father I needed to be in that moment, not the weak boy I was behaving as.

Today, I am close friend with my kids mother. We don't fight, or argue, or say hurtful things to each other. We are parents, and friends.

I now have 3 kids. My third child is, wait for it, ALSO 4 YEARS OLD. The woman I am with was going through a very similar situation at the time of my own separation, and we just stumbled in to each others life unexpectedly. We have been in a relationship for a year now, and are very happy together.

Moral of the story, you never know what life holds in store for you, and if I would have given up when all the odds were stacked against me, I wouldn't be where I am today. This silly little game helped me realize that.

Thank you.",True,692,1725025427,0.9836,positive
173211849,240,"the phantom exterior like fish eggs, interior like suicide wrist-red. i could exercise you, this could be your phys-ed. cheat on your man homie AAGH i tried to sneak through the door man! can't make it. can't make it. shit's stuck. outta my way son! DOOR STUCK! DOOR STUCK! PLEASE! I BEG YOU! we're dead. you're a genuine dick sucker.",True,3918,1724501698,-0.9643,negative
172208430,240,"Originally I got CS:S for GMOD but that changed when I play CS:S with bots ( I have no one to play with =( )

The gameplay is very good and won't give you a vac ban if you mod it. People still play this game despite it's jankiness.",True,1700,1723762729,0.7086,positive
171945185,240,The expert bots are literally cheating. BOT Ringo needs to be VAC banned.,True,670,1723443280,-0.765,negative
170550403,240,Getting vac banned for joining a server a good game !😊😂,False,796,1721738640,-0.1007,negative
170507605,240,i love doing shitty bhops and getting called a hacker by 35 year old men who never switched from css to csgo,True,705,1721683303,0.1531,positive
169916284,240,"Heard ""U are cheatong"" from 45 yo man and he got ban cuz of cheats",True,303,1721038055,-0.7506,negative
168635286,240,Better then the current CS:GO 2 because VAC exists in this game UNLIKE CS:GO 2,True,790,1719779210,0.4404,positive
168529438,240,"This game is a masterpiece, alot of people don't really like this game and compair it to the release of cs2 and csgo (the very start) but this game on release wasnt that bad as of what i have heard and my gaming expirience with it is great because there are not cheaters in this game and even the rare times when there is a cheater roaming around in my game, we simply get an admin who is watching the server and get the admin to ban them. 

The one thing i will disagree with tho is the restriction of bunnyhopping in pretty much 99% of the servers, myself i like being a movement freak and enjoying games and playing them just to have fun but in most servers they usually just kick me before i can have anyfun. So usually i just stick to playing properly which for me isnt the most interesting.

I will say if you like fast paced tactical games, this one tops all of the newer games. 

Its a 2004 classic and in my opinion alot better than cs1.6

9/10",True,3270,1719693138,0.914,positive
168467028,240,"This game saved my life.

I am 31.

My ex-wife and I have a daughter together, and adopted our son together. They are now both 4 years old.

When we were going through our separation, I found myself lost and miserable. I was self destructive. I got so mad one day from everything spiraling out of my control that I punched some concrete in a moment of overwhelming emotion. That caused me to break my 5th metacarpal in my right hand... my working hand... my games hand.. the hand that I held and carried my children to bed with.. The hand I desperately needed to make sure I could continue to provide.

After learning of the severity of my self-inflicted damage, I was borderline suicidal. Keep in mind that just a few months before this, I was the happiest man with no history of depression or anxiety. I have never had fits of rage, or been one to break down and cry, but I was in a low spot that just really buried me from being able to see the light on the other side.

Having nothing better to do, I searched for a game I could play while I recovered. I somehow stumbled upon this game and read some of the reviews. I decided that it had to be worth a shot... I must admit, I didn't beat the game, or play nearly as long as some of you. In fact, I may have only played this game a day or two.. With that being said, after doing so, I had a new found joy and hope for life. I was able to put behind me the pain and suffering that had been cast over me. I was able to experience other peoples joy and happiness. I was able to see the fruits of my ""labor"". I relaxed for 5 minutes to this music long enough to realize that I was going to be okay.
After coming to that realization, I turned the game off, and I went back to work. It hurt my hand like hell but I was motivated. I stopped feeling so damn sorry for myself, and I became the father I needed to be in that moment, not the weak boy I was behaving as.

Today, I am close friend with my kids mother. We don't fight, or argue, or say hurtful things to each other. We are parents, and friends.

I now have 3 kids. My third child is, wait for it, ALSO 4 YEARS OLD. The woman I am with was going through a very similar situation at the time of my own separation, and we just stumbled in to each others life unexpectedly. We have been in a relationship for a year now, and are very happy together.

Moral of the story, you never know what life holds in store for you, and if I would have given up when all the odds were stacked against me, I wouldn't be where I am today. This silly little game helped me realize that.

Thank you",True,126,1719640224,0.9836,positive
168410012,240,still better than chinese shit cheat strike 2,True,382,1719585052,-0.6369,negative
168374883,240,"won't let me into my own server because an issue with my pc is stopping VAC from working apparently...

I FUCKING DISABLED VAC ON MY SERVER WHAT ARE YOU ON ABOUT
",False,2871,1719547303,-0.1531,negative
167870821,240,my name was niganiga and ksf banned me for 90 days with no appeal process. edit: im back on ksf,False,1605,1719008800,-0.6369,negative
167412779,240,"best game to hack
",True,402,1718453167,0.6369,positive
167359340,240,"Vac work here, very niiice, not like shitstrike 2",True,1392,1718390074,-0.3343,negative
167263476,240,100% proofens on vac detekt,True,2671,1718267084,0.0,neutral
166339586,240,"Nice. Since CS 2 is free now and cheaters can just create new accounts after they get VAC banned, its completely full of cheaters now and all the cheaters went there and left CS: Source alone.",True,4248,1717081463,-0.6705,negative
166257259,240,"Joined the ""Old farts"" server for my first try at source because it looked like the best server, I got yelled at for bhopping (which is weird bc people are flying) but that was my bad i didnt read the pop up at the beginning. they said dont do it again. I read rules and everything was good from there. they then said i cant use voice chat until i pay $100 to the server. then a admin started being salty because they didnt believe i was new, they banned me forever from the server. This server is full of degenerate 40 year old men that feel like they have something going on in their life because of this server. Not a good first impression, you think you'd want more people in the server, and welcome to players to a old game. I would list the names of the morons, but im sure this server is known for its degeneracy.",False,69,1716956756,0.7936,positive
166095248,240,"垃圾玩意好玩是好玩，遇到挂根本就踢不了，VAC,valve allowing cheat是吗",False,1193,1716723755,0.0,neutral
165644311,240,"game fucking sucks, filled with aimbot dumbasses, bunnyhopping retards, its fucking unplayable.",False,806,1716088140,-0.4201,negative
164768906,240,"Its a great game, specially is the OG game and the second Counter Strike, this game is better with servers of the community and mods, The part more epic what i like of this game is the gun run gamemode, csgo ports and Zombies, Zm and Zombie escape, this things is very very very nostalgic, specially when u start to play in a maps of the other games, like minecraft, mario, sonic, l4d, crash bandicoot etc. This map was the best what the commiunity what do on this years. Some people says this game is ass, but no, is good game, the game have good recoil, good weapons, good community, good optimized, good servers, good content, good mods,  good maps, ports of cs16 maps to source, what u want more? did valve do this with Cs2? nah, the 80% of the maps OG CS is deleted, and the recoil is hard, the people cant get fun, always is just rage, but this game have anticheat, and the others reasons what i told u before. This game is sooo funny to play, u can get a lot of FUN, BUT A LOT OF. You should to give a second chance",True,2076,1715032514,0.9928,positive
164763534,240,i got banned lol,True,668,1715029675,-0.0516,negative
164186287,240,Pretty Game Better Than Cheater Strike 2,True,2919,1714768504,0.2732,positive
163908008,240,the bots smoke me through smoke but still get no vac ban,True,8347,1714484534,-0.8271,negative
163519589,240,"even in 2024 you could find many active servers, with BETTER anti-cheat than CS2. absolute masterpiece with fun movement and great gunplay!",True,398,1713987501,0.9591,positive
163472595,240,blesson got banned lol,True,236,1713917281,-0.0516,negative
